{
    "rmse": 0.6450005003235478,
    "mar": 0.6551462834843995,
    "r2": 0.013014969842177981
}